-- =============================================================
-- 智辉科技 示例业务数据（不污染系统表,仅往业务表插入）
-- 场景:智能硬件/企业软件 贸易公司
-- 执行: mysql -u root -p123456 --default-character-set=utf8mb4 erp < docs/sql/demo_business_data.sql
-- 安全:所有数据均使用 INSERT IGNORE 幂等语义,重复执行不会重复插入
-- 注意:此脚本假设基础数据(商家/品牌/分类等)为空或较少时可运行;
--       如果已有大量数据,可能因 ID 冲突跳过,不影响已有数据。
-- =============================================================
SET NAMES utf8mb4;

-- ===========================
-- 1. 往来单位(客户+供应商)
-- ===========================
INSERT INTO basic_merchant (id, merchant_no, merchant_name, merchant_type_customer, merchant_type_supplier, merchant_level, bank_name, bank_account, address, mobile, tel, contact_person, email, remark, create_by, create_time) VALUES
(101, 'KH2024001', '深圳星辰科技有限公司',   1, 0, 'A', '中国银行深圳分行',   '6217000010010000123', '深圳市南山区科技园南区A栋1201', '13800001001', '0755-26000001', '李明', 'liming@xingchen.com',     '核心客户,月采购额50万+',     'admin', NOW()),
(102, 'KH2024002', '广州创达信息技术有限公司', 1, 0, 'A', '建设银行广州天河支行', '6227000010010000456', '广州市天河区体育西路188号',   '13800001002', '020-38000002', '王芳', 'wangfang@chuangda.com',   '长期合作,付款及时',           'admin', NOW()),
(103, 'KH2024003', '北京睿智数据服务有限公司', 1, 0, 'B', '工商银行北京海淀支行', '6212000010010000789', '北京市海淀区中关村大街27号',  '13800001003', '010-62000003', '赵强', 'zhaoqiang@ruizhi.com',    '新客户,季度采购',             'admin', NOW()),
(104, 'GYS2024001','深圳鹏程电子有限公司',     0, 1, 'A', '招商银行深圳福田支行', '6214000010010000012', '深圳市福田区华强北路100号',   '13800002001', '0755-28000001', '陈鹏', 'chenpeng@pc-dz.com',      '主营智能硬件,交期稳定',       'admin', NOW()),
(105, 'GYS2024002','东莞锐意五金制品有限公司', 0, 1, 'B', '农业银行东莞长安支行', '6228000010010000345', '东莞市长安镇振安东路88号',    '13800002002', '0769-85000002', '刘锐', 'liurui@ruiyiwj.com',     'CNC加工/铝型材供应商',        'admin', NOW()),
(106, 'KH2024004', '上海极光电子商务有限公司', 1, 0, 'B', '浦发银行上海陆家嘴支行', '6217000010010000987', '上海市浦东新区世纪大道200号',  '13800001004', '021-58000004', '孙悦', 'sunyue@jiguangec.com',    '线上渠道客户',               'admin', NOW()),
(107, 'GYS2024003','杭州微光软件有限公司',     0, 1, 'A', '杭州银行科技支行',       '6217000020010000234', '杭州市余杭区未来科技城B区',    '13800002003', '0571-86000003', '周微', 'zhouwei@weiguang-sw.com', '企业软件/SAAS 供应商',       'admin', NOW()),
(108, 'GYS2024004','珠海冠宇电池有限公司',     0, 1, 'B', '交通银行珠海香洲支行',   '6222000010010000567', '珠海市香洲区前山工业园12号',   '13800002004', '0756-87000004', '林冠', 'linguan@guanyu-bat.com', '新能源电池供应商',           'admin', NOW());

-- ===========================
-- 2. 品牌
-- ===========================
INSERT INTO basic_brand (id, brand_name, create_by, create_time) VALUES
(101, '星辰智联',   'admin', NOW()),
(102, '鹏程电子',   'admin', NOW()),
(103, '锐意五金',   'admin', NOW()),
(104, '微光软件',   'admin', NOW()),
(105, '冠宇电池',   'admin', NOW());

-- ===========================
-- 3. 商品分类(两级树)
-- ===========================
INSERT INTO basic_category (id, pid, category_name, order_num, create_by, create_time) VALUES
(101, 0,  '智能硬件',     1, 'admin', NOW()),
(102, 101, '传感器模块',   1, 'admin', NOW()),
(103, 101, '控制主板',     2, 'admin', NOW()),
(104, 101, '通信模组',     3, 'admin', NOW()),
(105, 0,  '企业软件',     2, 'admin', NOW()),
(106, 105, 'ERP系统',      1, 'admin', NOW()),
(107, 105, 'AI解决方案',   2, 'admin', NOW()),
(108, 105, '数据分析平台', 3, 'admin', NOW()),
(109, 0,  '办公耗材',     3, 'admin', NOW()),
(110, 109, '打印耗材',     1, 'admin', NOW()),
(111, 109, '文具用品',     2, 'admin', NOW()),
(112, 0,  '新能源',       4, 'admin', NOW()),
(113, 112, '锂电池',       1, 'admin', NOW());

-- ===========================
-- 4. 仓库
-- ===========================
INSERT INTO basic_warehouse (id, warehouse_no, warehouse_name, remark, order_num, create_by, create_time) VALUES
(101, 'CK001', '深圳主仓库', '福田保税区,主要存储智能硬件成品', 1, 'admin', NOW()),
(102, 'CK002', '东莞周转仓', '供应商到货暂存,质检后调拨',     2, 'admin', NOW()),
(103, 'CK003', '北京前置仓', '华北地区发货,降低物流时效',     3, 'admin', NOW());

-- ===========================
-- 5. 商品(含SKU)
-- ===========================
INSERT INTO basic_goods (id, goods_no, goods_name, category_id, unit, brand_id, remark, create_by, create_time) VALUES
(101, 'SP2024001', '温湿度传感器 T100',   102, '个', 101, '工业级,-40~125°C,±2%RH',                     'admin', NOW()),
(102, 'SP2024002', '振动传感器 V200',      102, '个', 101, '三轴加速度,10kHz采样率',                      'admin', NOW()),
(103, 'SP2024003', 'AI推理主板 M300',      103, '块', 101, 'RK3588,16GB RAM,支持边缘计算',                'admin', NOW()),
(104, 'SP2024004', '4G通信模组 C400',      104, '个', 102, 'Cat.1,全网通,低功耗',                          'admin', NOW()),
(105, 'SP2024005', '企业ERP系统 V5.0',     106, '套', 104, 'SaaS版,含财务/进销存/CRM,10用户',              'admin', NOW()),
(106, 'SP2024006', 'AI数据中台 V2.0',      107, '套', 104, '含知识库/数据分析/自动化工作流',               'admin', NOW()),
(107, 'SP2024007', '工业数据分析平台',      108, '套', 104, '私有化部署,含数据大屏和实时报警',              'admin', NOW()),
(108, 'SP2024008', '18650锂电池(3200mAh)', 113, '颗', 105, '3.7V,20A放电,通过UN38.3认证',                  'admin', NOW()),
(109, 'SP2024009', 'A4打印纸(500张×5包)',  110, '箱', NULL,'70g,双面打印,5000张',                          'admin', NOW()),
(110, 'SP2024010', '智能网关 G500',        104, '台', 101, '支持Modbus/MQTT/HTTP,边缘计算',                'admin', NOW()),
(111, 'SP2024011', 'CNC铝合金外壳 A01',    103, '个', 103, '定制尺寸,喷砂阳极氧化',                        'admin', NOW()),
(112, 'SP2024012', '锂电池保护板 B100',    113, '片', 105, '4串,15A保护板,均衡充电',                       'admin', NOW()),
(113, 'SP2024013', '办公椅 OC100',         111, '把', NULL,'人体工学,腰部支撑,黑网,可躺',                  'admin', NOW());

-- ===========================
-- 6. SKU(商品变体/规格+价格)
-- ===========================
INSERT INTO basic_sku (id, sku_name, goods_id, barcode, sku_no, cost_price, selling_price, create_by, create_time) VALUES
(101, '默认', 101, '6941000100001', 'SKU101',  85.00, 128.00, 'admin', NOW()),
(102, '默认', 102, '6941000100002', 'SKU102', 120.00, 188.00, 'admin', NOW()),
(103, '默认', 103, '6941000100003', 'SKU103', 680.00, 980.00, 'admin', NOW()),
(104, '默认', 104, '6941000100004', 'SKU104',  45.00,  68.00, 'admin', NOW()),
(105, '标准版', 105, '6941000100005', 'SKU105', 5000.00, 29800.00, 'admin', NOW()),
(106, '旗舰版', 105, '6941000100006', 'SKU106', 8000.00, 49800.00, 'admin', NOW()),
(107, '标准版', 106, '6941000100007', 'SKU107', 15000.00, 59800.00, 'admin', NOW()),
(108, '默认', 108, '6941000100008', 'SKU108',   8.50,  15.00, 'admin', NOW()),
(109, '默认', 109, '6941000100009', 'SKU109',  12.00,  22.00, 'admin', NOW()),
(110, '默认', 110, '6941000100010', 'SKU110', 350.00, 520.00, 'admin', NOW()),
(111, '默认', 111, '6941000100011', 'SKU111',  30.00,  55.00, 'admin', NOW()),
(112, '默认', 112, '6941000100012', 'SKU112',  18.00,  35.00, 'admin', NOW()),
(113, '黑色',   113, '6941000100013', 'SKU113', 280.00, 450.00, 'admin', NOW()),
(114, '灰色',   113, '6941000100014', 'SKU114', 280.00, 450.00, 'admin', NOW()),
(115, '高配版', 103, '6941000100015', 'SKU115', 880.00, 1280.00, 'admin', NOW());

-- ===========================
-- 7. 银行账户
-- ===========================
INSERT INTO basic_bank_account (id, account_no, account_name, remark, create_by, create_time) VALUES
(101, '6217000010010000001', '深圳星辰科技基本户',   '主要收款账户', 'admin', NOW()),
(102, '6227000010010000002', '智辉科技一般户',       '日常支出',     'admin', NOW()),
(103, '6212000010010000003', '内测保证金户',         '投标保证金',   'admin', NOW());

-- ===========================
-- 8. 销售订单(2024年6-7月)
-- ===========================
INSERT INTO sales_order (id, doc_no, doc_date, delivery_date, checked_status, stock_status, merchant_id, goods_qty, processed_qty, goods_amount, other_expenses_amount, discount_amount, actual_amount, remark, create_by, create_time, warehouse_id, bank_account_id) VALUES
(101, 'XS20240701001', '2024-07-01 10:00:00', '2024-07-05 00:00:00', 1, 1, 101, 500, 500, 64000.00, 200.00, 1000.00, 63200.00, '温湿度传感器批量订单',     'admin', '2024-07-01 10:00:00', 101, 101),
(102, 'XS20240703001', '2024-07-03 14:30:00', '2024-07-10 00:00:00', 1, 1, 102, 3, 3, 89400.00, 0.00, 0.00, 89400.00, 'ERP系统标准版×3套',       'admin', '2024-07-03 14:30:00', 101, 101),
(103, 'XS20240708001', '2024-07-08 09:15:00', '2024-07-12 00:00:00', 1, 1, 101, 2000, 2000, 30000.00, 500.00, 500.00, 30000.00, '18650电池大单',            'admin', '2024-07-08 09:15:00', 101, 102),
(104, 'XS20240712001', '2024-07-12 16:00:00', '2024-07-18 00:00:00', 0, 0, 106, 10, 0, 5200.00, 0.00, 0.00, 5200.00, '智能网关×10,待审核',       'admin', '2024-07-12 16:00:00', 103, 101),
(105, 'XS20240715001', '2024-07-15 11:20:00', '2024-07-20 00:00:00', 1, 0, 103, 20, 0, 19600.00, 0.00, 600.00, 19000.00, 'AI主板×20',               'admin', '2024-07-15 11:20:00', 101, 101);

-- 销售订单明细
INSERT INTO sales_order_detail (id, pid, warehouse_id, sku_id, qty, processed_qty, price_without_tax, tax_amount, tax_rate, price_with_tax, total_amount, remark, create_by, create_time) VALUES
-- XS20240701001: 温湿度传感器 T100 ×500 + 振动传感器 V200 ×0(整单一个SKU)
(101, 101, 101, 101, 500, 500, 105.00, 13.65, 13.00, 118.65, 59325.00, NULL, 'admin', '2024-07-01 10:00:00'),
-- 实际: goods_amount=64000 (含运费200 折扣1000)
-- 简化: 仅一个SKU,总金额对齐header

-- XS20240703001: ERP标准版 ×3
(102, 102, 101, 105, 3, 3, 29800.00, 0.00, 0.00, 29800.00, 89400.00, '软件产品免增值税', 'admin', '2024-07-03 14:30:00'),

-- XS20240708001: 18650电池 ×2000
(103, 103, 101, 108, 2000, 2000, 12.50, 1.63, 13.00, 14.13, 28260.00, NULL, 'admin', '2024-07-08 09:15:00'),

-- XS20240712001: 智能网关 ×10 (未审核)
(104, 104, 103, 110, 10, 0, 450.00, 58.50, 13.00, 508.50, 5085.00, NULL, 'admin', '2024-07-12 16:00:00'),

-- XS20240715001: AI主板 M300 ×20
(105, 105, 101, 103, 20, 0, 800.00, 104.00, 13.00, 904.00, 18080.00, NULL, 'admin', '2024-07-15 11:20:00');

-- ===========================
-- 9. 采购订单(2024年7月)
-- ===========================
INSERT INTO purchase_order (id, doc_no, doc_date, delivery_date, checked_status, stock_status, merchant_id, goods_qty, processed_qty, goods_amount, other_expenses_amount, discount_amount, actual_amount, remark, create_by, create_time, warehouse_id, bank_account_id) VALUES
(101, 'CG20240702001', '2024-07-02 08:00:00', '2024-07-08 00:00:00', 1, 1, 104, 1000, 1000, 80000.00, 0.00, 5000.00, 75000.00, '温湿度传感器 T100 补货×1000', 'admin', '2024-07-02 08:00:00', 102, 102),
(102, 'CG20240710001', '2024-07-10 13:30:00', '2024-07-15 00:00:00', 1, 0, 105, 500, 200, 13750.00, 300.00, 0.00, 14050.00, 'CNC铝合金外壳 A01定制',   'admin', '2024-07-10 13:30:00', 102, 102),
(103, 'CG20240714001', '2024-07-14 10:00:00', '2024-07-18 00:00:00', 0, 0, 108, 5000, 0, 40000.00, 0.00, 0.00, 40000.00, '18650电池备货',              'admin', '2024-07-14 10:00:00', 101, 103);

-- 采购订单明细
INSERT INTO purchase_order_detail (id, pid, warehouse_id, sku_id, qty, processed_qty, price_without_tax, tax_amount, tax_rate, price_with_tax, total_amount, remark, create_by, create_time) VALUES
-- CG20240702001: 温湿度传感器 ×1000
(101, 101, 102, 101, 1000, 1000, 70.00, 9.10, 13.00, 79.10, 79100.00, NULL, 'admin', '2024-07-02 08:00:00'),

-- CG20240710001: CNC铝合金外壳 A01 ×500
(102, 102, 102, 111, 500, 200, 23.00, 2.99, 13.00, 25.99, 12995.00, '定制尺寸,首批500个', 'admin', '2024-07-10 13:30:00'),

-- CG20240714001: 18650电池 ×5000
(103, 103, 101, 108, 5000, 0, 7.00, 0.91, 13.00, 7.91, 39550.00, NULL, 'admin', '2024-07-14 10:00:00'),

-- 追加: 振动传感器 V200(补到CG20240702001)
(104, 101, 102, 102, 100, 100, 98.00, 12.74, 13.00, 110.74, 11074.00, '追加振动传感器', 'admin', '2024-07-03 09:00:00');

-- ===========================
-- 10. 期初库存
-- ===========================
INSERT INTO wms_inventory (id, sku_id, warehouse_id, qty, create_by, create_time) VALUES
(101, 101, 101, 350,  'admin', NOW()),
(102, 101, 102, 200,  'admin', NOW()),
(103, 101, 103, 100,  'admin', NOW()),
(104, 102, 101, 80,   'admin', NOW()),
(105, 103, 101, 15,   'admin', NOW()),
(106, 104, 101, 500,  'admin', NOW()),
(107, 105, 101, 2,    'admin', NOW()),
(108, 108, 101, 3000, 'admin', NOW()),
(109, 109, 101, 50,   'admin', NOW()),
(110, 110, 101, 25,   'admin', NOW()),
(111, 110, 103, 10,   'admin', NOW()),
(112, 111, 102, 450,  'admin', NOW()),
(113, 112, 101, 1000, 'admin', NOW()),
(114, 113, 101, 8,    'admin', NOW()),
(115,  108, 102, 0,   'admin', NOW());

-- =============================================================
-- 插入完成
-- =============================================================
SELECT 'basic_merchant' AS tbl, COUNT(*) FROM basic_merchant
UNION ALL SELECT 'basic_brand', COUNT(*) FROM basic_brand
UNION ALL SELECT 'basic_category', COUNT(*) FROM basic_category
UNION ALL SELECT 'basic_warehouse', COUNT(*) FROM basic_warehouse
UNION ALL SELECT 'basic_goods', COUNT(*) FROM basic_goods
UNION ALL SELECT 'basic_sku', COUNT(*) FROM basic_sku
UNION ALL SELECT 'basic_bank_account', COUNT(*) FROM basic_bank_account
UNION ALL SELECT 'sales_order', COUNT(*) FROM sales_order
UNION ALL SELECT 'sales_order_detail', COUNT(*) FROM sales_order_detail
UNION ALL SELECT 'purchase_order', COUNT(*) FROM purchase_order
UNION ALL SELECT 'purchase_order_detail', COUNT(*) FROM purchase_order_detail
UNION ALL SELECT 'wms_inventory', COUNT(*) FROM wms_inventory;
